id,start_time,end_time,num_of_passes,
0,57115,74207,1000,
1,74207,90861,1000,
2,90861,107211,1000,
3,107211,123683,1000,
4,123683,140092,1000,
5,140092,156521,1000,
6,156521,172898,1000,
7,172898,189386,1000,
8,189386,205882,1000,
9,205882,222453,1000,
10,222453,239947,1000,
11,239947,257709,1000,
12,257709,275421,1000,
13,275421,293141,1000,
14,293141,310731,1000,
15,310731,328362,1000,
16,328362,345911,1000,
17,345911,363556,1000,
18,363556,381267,1000,
19,381267,398851,1000,
20,398851,416491,1000,
21,416491,434229,1000,
22,434229,451999,1000,
23,451999,469493,1000,
24,469493,487138,1000,
25,487138,504853,1000,
26,504853,522487,1000,
27,522487,540281,1000,
28,540281,557826,1000,
29,557826,575423,1000,
30,575423,593043,1000,
31,593043,610157,1000,
32,610157,626836,1000,
33,626836,643283,1000,
34,643283,660146,1000,
35,660146,676782,1000,
36,676782,693411,1000,
37,693411,709913,1000,
38,709913,726531,1000,
39,726531,743011,1000,
40,743011,759576,1000,
41,759576,776224,1000,
42,776224,792913,1000,
43,792913,809461,1000,
44,809461,826302,1000,
45,826302,843989,1000,
46,843989,861607,1000,
47,861607,879201,1000,
48,879201,896783,1000,
49,896783,914603,1000,
50,914603,932329,1000,
51,932329,949871,1000,
52,949871,967179,1000,
53,967179,984494,1000,
54,984494,1001886,1000,
55,1001886,1019001,1000,
56,1019001,1036194,1000,
57,1036194,1053184,1000,
58,1053184,1070296,1000,
59,1070296,1087574,1000,
60,1087574,1104554,1000,
61,1104554,1121824,1000,
62,1121824,1138743,1000,
63,1138743,1155968,1000,
64,1155968,1173147,1000,
65,1173147,1190354,1000,
66,1190354,1207542,1000,
67,1207542,1224132,1000,
68,1224132,1240733,1000,
69,1240733,1257261,1000,
70,1257261,1273882,1000,
71,1273882,1290452,1000,
72,1290452,1307019,1000,
73,1307019,1323531,1000,
74,1323531,1340041,1000,
75,1340041,1356574,1000,
76,1356574,1373149,1000,
77,1373149,1389782,1000,
78,1389782,1406419,1000,
79,1406419,1423004,1000,
80,1423004,1440516,1000,
81,1440516,1458083,1000,
82,1458083,1475581,1000,
83,1475581,1493404,1000,
84,1493404,1510847,1000,
85,1510847,1528438,1000,
86,1528438,1546004,1000,
87,1546004,1563603,1000,
88,1563603,1581231,1000,
89,1581231,1599072,1000,
90,1599072,1616931,1000,
91,1616931,1634382,1000,
92,1634382,1651948,1000,
93,1651948,1669583,1000,
94,1669583,1687207,1000,
95,1687207,1704623,1000,
96,1704623,1722442,1000,
97,1722442,1740103,1000,
98,1740103,1757996,1000,
99,1757996,1775759,1000,
100,1775759,1793321,1000,
101,1793321,1810162,1000,
102,1810162,1826657,1000,
103,1826657,1843242,1000,
104,1843242,1859634,1000,
105,1859634,1876118,1000,
106,1876118,1892923,1000,
107,1892923,1909347,1000,
108,1909347,1925804,1000,
109,1925804,1942324,1000,
110,1942324,1958901,1000,
111,1958901,1975511,1000,
112,1975511,1992068,1000,
113,1992068,2008593,1000,
114,2008593,2026019,1000,
115,2026019,2043604,1000,
116,2043604,2061276,1000,
117,2061276,2078833,1000,
118,2078833,2096382,1000,
119,2096382,2114043,1000,
120,2114043,2131762,1000,
121,2131762,2148806,1000,
122,2148806,2166108,1000,
123,2166108,2183309,1000,
124,2183309,2200309,1000,
125,2200309,2217079,1000,
126,2217079,2234001,1000,
127,2234001,2251062,1000,
128,2251062,2267704,1000,
129,2267704,2284843,1000,
130,2284843,2301886,1000,
131,2301886,2318864,1000,
132,2318864,2335812,1000,
133,2335812,2352829,1000,
134,2352829,2369938,1000,
135,2369938,2386818,1000,
136,2386818,2403388,1000,
137,2403388,2419714,1000,
138,2419714,2436293,1000,
139,2436293,2452816,1000,
140,2452816,2469299,1000,
141,2469299,2485771,1000,
142,2485771,2502224,1000,
143,2502224,2518713,1000,
144,2518713,2535266,1000,
145,2535266,2551742,1000,
146,2551742,2568253,1000,
147,2568253,2584807,1000,
148,2584807,2601452,1000,
149,2601452,2619291,1000,
150,2619291,2636948,1000,
151,2636948,2654747,1000,
152,2654747,2672473,1000,
153,2672473,2690036,1000,
154,2690036,2707773,1000,
155,2707773,2725351,1000,
156,2725351,2743073,1000,
157,2743073,2760527,1000,
158,2760527,2778092,1000,
159,2778092,2795894,1000,
160,2795894,2813328,1000,
161,2813328,2831232,1000,
162,2831232,2848809,1000,
163,2848809,2866463,1000,
164,2866463,2884057,1000,
165,2884057,2901742,1000,
166,2901742,2919869,1000,
167,2919869,2937316,1000,
168,2937316,2954942,1000,
169,2954942,2972573,1000,
170,2972573,2989931,1000,
171,2989931,3006402,1000,
172,3006402,3022889,1000,
173,3022889,3039433,1000,
174,3039433,3055927,1000,
175,3055927,3072311,1000,
176,3072311,3088946,1000,
177,3088946,3105349,1000,
178,3105349,3121856,1000,
179,3121856,3138389,1000,
180,3138389,3155001,1000,
181,3155001,3171587,1000,
182,3171587,3188349,1000,
183,3188349,3205909,1000,
184,3205909,3223699,1000,
185,3223699,3241031,1000,
186,3241031,3258772,1000,
187,3258772,3276489,1000,
188,3276489,3293996,1000,
189,3293996,3311392,1000,
190,3311392,3328612,1000,
191,3328612,3345561,1000,
192,3345561,3362703,1000,
193,3362703,3379951,1000,
194,3379951,3397154,1000,
195,3397154,3414281,1000,
196,3414281,3431347,1000,
197,3431347,3448028,1000,
198,3448028,3465394,1000,
199,3465394,3482572,1000,
200,3482572,3499463,1000,
201,3499463,3516544,1000,
202,3516544,3533822,1000,
203,3533822,3550504,1000,
204,3550504,3566903,1000,
205,3566903,3583387,1000,
206,3583387,3599824,1000,
207,3599824,3616462,1000,
208,3616462,3632937,1000,
209,3632937,3649491,1000,
210,3649491,3666011,1000,
211,3666011,3682598,1000,
212,3682598,3699234,1000,
213,3699234,3715707,1000,
214,3715707,3732231,1000,
215,3732231,3749716,1000,
216,3749716,3767133,1000,
217,3767133,3784838,1000,
218,3784838,3802728,1000,
219,3802728,3820168,1000,
220,3820168,3837869,1000,
221,3837869,3855502,1000,
222,3855502,3873444,1000,
223,3873444,3890333,1000,
224,3890333,3907882,1000,
225,3907882,3925478,1000,
226,3925478,3943359,1000,
227,3943359,3961008,1000,
228,3961008,3978676,1000,
229,3978676,3996456,1000,
230,3996456,4014166,1000,
231,4014166,4032144,1000,
232,4032144,4049904,1000,
233,4049904,4067569,1000,
234,4067569,4085414,1000,
235,4085414,4102514,1000,
236,4102514,4119017,1000,
237,4119017,4135432,1000,
238,4135432,4151936,1000,
239,4151936,4168411,1000,
240,4168411,4184958,1000,
241,4184958,4201556,1000,
242,4201556,4218074,1000,
243,4218074,4234708,1000,
244,4234708,4251153,1000,
245,4251153,4267576,1000,
246,4267576,4284319,1000,
247,4284319,4301194,1000,
248,4301194,4318686,1000,
249,4318686,4336239,1000,
250,4336239,4353882,1000,
251,4353882,4371341,1000,
252,4371341,4389123,1000,
253,4389123,4406591,1000,
254,4406591,4423924,1000,
255,4423924,4441163,1000,
256,4441163,4458277,1000,
257,4458277,4475431,1000,
258,4475431,4492564,1000,
259,4492564,4509778,1000,
260,4509778,4527008,1000,
261,4527008,4544207,1000,
262,4544207,4561346,1000,
263,4561346,4578481,1000,
264,4578481,4595442,1000,
265,4595442,4612554,1000,
266,4612554,4629636,1000,
267,4629636,4646887,1000,
268,4646887,4663719,1000,
269,4663719,4680502,1000,
270,4680502,4696909,1000,
271,4696909,4713539,1000,
272,4713539,4730079,1000,
273,4730079,4746512,1000,
274,4746512,4762792,1000,
275,4762792,4779439,1000,
276,4779439,4795912,1000,
277,4795912,4812554,1000,
278,4812554,4829141,1000,
279,4829141,4845721,1000,
280,4845721,4862257,1000,
281,4862257,4879319,1000,
282,4879319,4897181,1000,
283,4897181,4914908,1000,
284,4914908,4932546,1000,
285,4932546,4950267,1000,
286,4950267,4967896,1000,
287,4967896,4985849,1000,
288,4985849,5003738,1000,
289,5003738,5021576,1000,
290,5021576,5039198,1000,
291,5039198,5057211,1000,
292,5057211,5075034,1000,
293,5075034,5093218,1000,
294,5093218,5110877,1000,
295,5110877,5128857,1000,
296,5128857,5146547,1000,
297,5146547,5164662,1000,
298,5164662,5182164,1000,
299,5182164,5199593,1000,
300,5199593,5217849,1000,
301,5217849,5235063,1000,
302,5235063,5252003,1000,
303,5252003,5268752,1000,
304,5268752,5285541,1000,
305,5285541,5302433,1000,
306,5302433,5319547,1000,
307,5319547,5336886,1000,
308,5336886,5353994,1000,
309,5353994,5371363,1000,
310,5371363,5388217,1000,
311,5388217,5405246,1000,
312,5405246,5422029,1000,
313,5422029,5439269,1000,
314,5439269,5457314,1000,
315,5457314,5475441,1000,
316,5475441,5493462,1000,
317,5493462,5511521,1000,
318,5511521,5529518,1000,
319,5529518,5547369,1000,
320,5547369,5564839,1000,
321,5564839,5582338,1000,
322,5582338,5599654,1000,
323,5599654,5617107,1000,
381,6620461,6638261,1000,
382,6638261,6655992,1000,
383,6655992,6673704,1000,
384,6673704,6691386,1000,
385,6691386,6708787,1000,
386,6708787,6725778,1000,
387,6725778,6742691,1000,
