id,start_time,end_time,num_of_passes
0,172176,189762,1000,
1,189762,208153,1000,
2,208153,226068,1000,
3,226068,243981,1000,
4,243981,263318,1000,
5,263318,281142,1000,
6,281142,299676,1000,
7,299676,317959,1000,
8,317959,335639,1000,
9,335639,354539,1000,
10,354539,373171,1000,
11,373171,391042,1000,
12,391042,409872,1000,
13,409872,427828,1000,
14,427828,445946,1000,
15,445946,464781,1000,
16,464781,482292,1000,
17,482292,500836,1000,
18,500836,518868,1000,
19,518868,536969,1000,
20,536969,555736,1000,
21,555736,573649,1000,
22,573649,592109,1000,
23,592109,610121,1000,
24,610121,628262,1000,
25,628262,647276,1000,
26,647276,665086,1000,
27,665086,683319,1000,
28,683319,701504,1000,
29,701504,719423,1000,
30,719423,737818,1000,
31,737818,755818,1000,
32,755818,774217,1000,
33,774217,792392,1000,
34,792392,810051,1000,
35,810051,828521,1000,
36,828521,847347,1000,
37,847347,865662,1000,
38,865662,883683,1000,
39,883683,901944,1000,
40,901944,919832,1000,
41,919832,938317,1000,
42,938317,956248,1000,
43,956248,973923,1000,
44,973923,991547,1000,
45,991547,1009963,1000,
46,1009963,1028283,1000,
47,1028283,1046113,1000,
48,1046113,1064488,1000,
49,1064488,1082279,1000,
50,1082279,1100003,1000,
51,1100003,1118377,1000,
52,1118377,1136399,1000,
53,1136399,1154649,1000,
54,1154649,1172281,1000,
55,1172281,1190662,1000,
56,1190662,1209176,1000,
57,1209176,1226983,1000,
58,1226983,1245149,1000,
59,1245149,1263578,1000,
60,1263578,1282073,1000,
61,1282073,1300931,1000,
62,1300931,1319097,1000,
63,1319097,1337221,1000,
64,1337221,1355227,1000,
65,1355227,1374131,1000,
66,1374131,1393159,1000,
67,1393159,1410801,1000,
68,1410801,1429302,1000,
69,1429302,1446979,1000,
70,1446979,1465688,1000,
71,1465688,1484337,1000,
72,1484337,1502517,1000,
73,1502517,1520609,1000,
74,1520609,1538609,1000,
75,1538609,1557293,1000,
76,1557293,1576002,1000,
77,1576002,1594420,1000,
78,1594420,1612654,1000,
79,1612654,1630809,1000,
80,1630809,1649347,1000,
81,1649347,1667563,1000,
82,1667563,1685688,1000,
83,1685688,1704174,1000,
84,1704174,1722338,1000,
85,1722338,1741124,1000,
86,1741124,1759478,1000,
87,1759478,1777611,1000,
88,1777611,1795811,1000,
89,1795811,1813568,1000,
90,1813568,1832368,1000,
91,1832368,1850459,1000,
92,1850459,1868709,1000,
93,1868709,1887116,1000,
94,1887116,1904692,1000,
95,1904692,1923828,1000,
96,1923828,1942507,1000,
97,1942507,1960655,1000,
98,1960655,1978801,1000,
99,1978801,1996372,1000,
100,1996372,2014761,1000,
101,2014761,2032999,1000,
102,2032999,2051397,1000,
103,2051397,2069326,1000,
104,2069326,2086773,1000,
105,2086773,2105217,1000,
106,2105217,2123404,1000,
107,2123404,2141462,1000,
108,2141462,2159396,1000,
109,2159396,2176723,1000,
110,2176723,2195154,1000,
111,2195154,2213574,1000,
112,2213574,2231508,1000,
113,2231508,2249592,1000,
114,2249592,2267518,1000,
115,2267518,2286352,1000,
116,2286352,2304423,1000,
117,2304423,2322703,1000,
118,2322703,2340726,1000,
119,2340726,2358266,1000,
120,2358266,2376722,1000,
121,2376722,2394728,1000,
122,2394728,2413278,1000,
123,2413278,2431667,1000,
124,2431667,2449319,1000,
125,2449319,2467583,1000,
126,2467583,2486177,1000,
127,2486177,2504289,1000,
128,2504289,2522232,1000,
129,2522232,2539908,1000,
130,2539908,2558178,1000,
131,2558178,2576832,1000,
132,2576832,2595214,1000,
133,2595214,2613238,1000,
134,2613238,2631311,1000,
135,2631311,2649841,1000,
136,2649841,2667814,1000,
137,2667814,2686652,1000,
138,2686652,2704699,1000,
139,2704699,2722502,1000,
140,2722502,2740748,1000,
141,2740748,2758812,1000,
142,2758812,2777017,1000,
143,2777017,2794914,1000,
144,2794914,2812543,1000,
145,2812543,2830834,1000,
146,2830834,2849186,1000,
147,2849186,2867398,1000,
148,2867398,2885999,1000,
149,2885999,2903651,1000,
150,2903651,2921907,1000,
151,2921907,2939967,1000,
152,2939967,2957869,1000,
153,2957869,2976072,1000,
154,2976072,2993566,1000,
155,2993566,3012031,1000,
156,3012031,3030426,1000,
157,3030426,3048365,1000,
158,3048365,3066179,1000,
159,3066179,3083982,1000,
160,3083982,3102236,1000,
161,3102236,3120407,1000,
162,3120407,3138746,1000,
163,3138746,3156733,1000,
164,3156733,3174527,1000,
165,3174527,3193322,1000,
166,3193322,3211212,1000,
167,3211212,3228971,1000,
168,3228971,3247144,1000,
169,3247144,3265196,1000,
170,3265196,3283924,1000,
171,3283924,3301996,1000,
172,3301996,3319761,1000,
173,3319761,3338083,1000,
174,3338083,3355906,1000,
175,3355906,3374706,1000,
176,3374706,3392806,1000,
177,3392806,3410711,1000,
178,3410711,3428863,1000,
179,3428863,3446541,1000,
180,3446541,3465137,1000,
181,3465137,3483999,1000,
182,3483999,3502018,1000,
183,3502018,3520673,1000,
184,3520673,3539026,1000,
185,3539026,3557683,1000,
186,3557683,3576009,1000,
187,3576009,3594484,1000,
188,3594484,3612252,1000,
189,3612252,3630082,1000,
190,3630082,3648782,1000,
191,3648782,3667224,1000,
192,3667224,3685793,1000,
193,3685793,3703612,1000,
194,3703612,3721501,1000,
195,3721501,3739952,1000,
196,3739952,3758482,1000,
197,3758482,3777148,1000,
198,3777148,3795619,1000,
199,3795619,3813717,1000,
200,3813717,3831917,1000,
201,3831917,3850123,1000,
202,3850123,3868531,1000,
203,3868531,3886449,1000,
204,3886449,3904447,1000,
205,3904447,3922983,1000,
206,3922983,3940823,1000,
207,3940823,3959136,1000,
208,3959136,3977268,1000,
209,3977268,3995182,1000,
210,3995182,4013743,1000,
211,4013743,4031956,1000,
212,4031956,4050241,1000,
213,4050241,4068502,1000,
214,4068502,4086979,1000,
215,4086979,4105878,1000,
216,4105878,4123957,1000,
217,4123957,4142933,1000,
218,4142933,4160977,1000,
219,4160977,4178919,1000,
220,4178919,4197978,1000,
221,4197978,4215934,1000,
222,4215934,4234689,1000,
223,4234689,4252650,1000,
224,4252650,4270806,1000,
225,4270806,4289454,1000,
226,4289454,4307717,1000,
227,4307717,4326206,1000,
228,4326206,4344393,1000,
229,4344393,4362517,1000,
230,4362517,4381544,1000,
231,4381544,4399368,1000,
232,4399368,4417698,1000,
233,4417698,4436187,1000,
234,4436187,4454152,1000,
235,4454152,4472711,1000,
236,4472711,4489812,1000,
237,4489812,4508046,1000,
238,4508046,4526546,1000,
239,4526546,4544533,1000,
240,4544533,4563257,1000,
241,4563257,4581361,1000,
242,4581361,4600169,1000,
243,4600169,4618711,1000,
244,4618711,4636561,1000,
245,4636561,4654901,1000,
246,4654901,4672901,1000,
247,4672901,4691422,1000,
248,4691422,4709422,1000,
249,4709422,4727407,1000,
250,4727407,4745957,1000,
251,4745957,4764341,1000,
252,4764341,4782759,1000,
253,4782759,4800773,1000,
254,4800773,4818799,1000,
255,4818799,4837488,1000,
256,4837488,4855856,1000,
257,4855856,4874193,1000,
258,4874193,4892423,1000,
259,4892423,4910674,1000,
260,4910674,4929511,1000,
261,4929511,4947698,1000,
262,4947698,4966411,1000,
263,4966411,4984983,1000,
264,4984983,5003528,1000,
265,5003528,5021916,1000,
266,5021916,5040493,1000,
267,5040493,5058528,1000,
268,5058528,5076414,1000,
269,5076414,5094014,1000,
270,5094014,5112257,1000,
271,5112257,5130314,1000,
272,5130314,5148711,1000,
273,5148711,5166611,1000,
274,5166611,5184897,1000,
275,5184897,5203781,1000,
276,5203781,5221907,1000,
277,5221907,5240487,1000,
278,5240487,5258529,1000,
279,5258529,5276428,1000,
280,5276428,5295159,1000,
281,5295159,5313202,1000,
282,5313202,5331437,1000,
283,5331437,5349362,1000,
284,5349362,5367826,1000,
285,5367826,5386802,1000,
286,5386802,5404842,1000,
287,5404842,5423454,1000,
288,5423454,5441651,1000,
289,5441651,5459743,1000,
290,5459743,5478352,1000,
291,5478352,5496093,1000,
292,5496093,5514467,1000,
293,5514467,5532871,1000,
294,5532871,5551234,1000,
295,5551234,5569852,1000,
296,5569852,5587709,1000,
297,5587709,5606198,1000,
298,5606198,5624183,1000,
299,5624183,5642926,1000,
300,5642926,5661606,1000,
301,5661606,5679798,1000,
302,5679798,5698019,1000,
303,5698019,5716393,1000,
304,5716393,5734572,1000,
305,5734572,5753219,1000,
306,5753219,5771102,1000,
307,5771102,5789906,1000,
308,5789906,5808093,1000,
309,5808093,5826406,1000,
310,5826406,5844082,1000,
311,5844082,5861569,1000,
312,5861569,5880077,1000,
313,5880077,5898536,1000,
314,5898536,5916953,1000,
315,5916953,5935573,1000,
316,5935573,5953454,1000,
317,5953454,5971822,1000,
318,5971822,5989503,1000,
319,5989503,6008277,1000,
320,6008277,6026818,1000,
321,6026818,6044654,1000,
322,6044654,6063163,1000,
323,6063163,6081262,1000,
324,6081262,6099146,1000,
325,6099146,6117944,1000,
326,6117944,6135551,1000,
327,6135551,6153818,1000,
328,6153818,6171771,1000,
329,6171771,6190369,1000,
330,6190369,6208906,1000,
331,6208906,6226964,1000,
332,6226964,6245296,1000,
333,6245296,6263416,1000,
334,6263416,6281692,1000,
335,6281692,6299833,1000,
336,6299833,6318089,1000,
337,6318089,6336517,1000,
338,6336517,6354458,1000,
339,6354458,6372571,1000,
340,6372571,6390753,1000,
341,6390753,6408667,1000,
342,6408667,6427024,1000,
343,6427024,6444848,1000,
344,6444848,6463106,1000,
345,6463106,6481301,1000,
346,6481301,6499308,1000,
347,6499308,6517661,1000,
348,6517661,6535327,1000,
349,6535327,6553519,1000,
350,6553519,6572502,1000,
351,6572502,6591193,1000,
352,6591193,6609509,1000,
353,6609509,6627441,1000,
354,6627441,6645751,1000,
355,6645751,6664204,1000,
356,6664204,6682682,1000,
357,6682682,6700914,1000,
358,6700914,6718783,1000,
359,6718783,6737431,1000,
360,6737431,6755638,1000,
361,6755638,6774196,1000,
362,6774196,6793021,1000,
363,6793021,6810629,1000,
364,6810629,6829206,1000,
365,6829206,6847476,1000,
366,6847476,6865643,1000,
367,6865643,6884141,1000,
368,6884141,6901881,1000,
369,6901881,6920226,1000,
370,6920226,6938809,1000,
371,6938809,6957373,1000,
372,6957373,6975862,1000,
373,6975862,6993708,1000,
374,6993708,7012434,1000,
375,7012434,7030668,1000,
376,7030668,7048824,1000,
377,7048824,7066723,1000,
378,7066723,7084827,1000,
379,7084827,7103153,1000,
380,7103153,7121271,1000,
381,7121271,7139376,1000,
382,7139376,7157982,1000,
383,7157982,7176147,1000,
384,7176147,7194616,1000,
385,7194616,7213498,1000,
386,7213498,7232288,1000,
387,7232288,7250857,1000,
388,7250857,7269107,1000,
389,7269107,7288242,1000,
390,7288242,7306549,1000,
391,7306549,7325706,1000,
392,7325706,7343516,1000,
393,7343516,7361631,1000,
394,7361631,7381338,1000,
395,7381338,7399497,1000,
396,7399497,7418205,1000,
397,7418205,7436429,1000,
398,7436429,7454932,1000,
399,7454932,7473658,1000,
400,7473658,7491387,1000,
401,7491387,7509287,1000,
402,7509287,7526616,1000,
403,7526616,7544423,1000,
404,7544423,7562886,1000,
405,7562886,7580069,1000,
406,7580069,7598034,1000,
407,7598034,7615423,1000,
408,7615423,7633456,1000,
409,7633456,7652068,1000,
410,7652068,7669503,1000,
411,7669503,7687721,1000,
412,7687721,7705632,1000,
413,7705632,7723646,1000,
414,7723646,7741638,1000,
415,7741638,7759347,1000,
416,7759347,7777611,1000,
417,7777611,7795703,1000,
418,7795703,7813348,1000,
419,7813348,7831581,1000,
420,7831581,7849601,1000,
421,7849601,7867991,1000,
422,7867991,7886061,1000,
423,7886061,7903647,1000,
424,7903647,7922033,1000,
425,7922033,7940052,1000,
426,7940052,7958068,1000,
427,7958068,7976033,1000,
428,7976033,7993946,1000,
429,7993946,8012368,1000,
430,8012368,8030824,1000,
431,8030824,8048482,1000,
432,8048482,8067047,1000,
433,8067047,8085904,1000,
434,8085904,8104904,1000,
435,8104904,8124048,1000,
436,8124048,8143522,1000,
437,8143522,8163567,1000,
438,8163567,8182527,1000,
439,8182527,8202029,1000,
440,8202029,8220966,1000,
441,8220966,8239722,1000,
442,8239722,8257724,1000,
443,8257724,8275554,1000,
444,8275554,8294013,1000,
445,8294013,8312849,1000,
446,8312849,8331819,1000,
447,8331819,8349842,1000,
448,8349842,8368188,1000,
449,8368188,8386823,1000,
450,8386823,8405524,1000,
451,8405524,8423886,1000,
452,8423886,8442104,1000,
453,8442104,8459811,1000,
454,8459811,8478813,1000,
455,8478813,8496314,1000,
456,8496314,8514803,1000,
457,8514803,8532914,1000,
458,8532914,8550943,1000,
459,8550943,8569194,1000,
460,8569194,8587178,1000,
461,8587178,8606163,1000,
462,8606163,8624478,1000,
463,8624478,8642442,1000,
464,8642442,8661157,1000,
465,8661157,8679209,1000,
466,8679209,8697511,1000,
467,8697511,8715552,1000,
468,8715552,8733599,1000,
469,8733599,8752993,1000,
470,8752993,8771038,1000,
471,8771038,8789284,1000,
472,8789284,8807497,1000,
473,8807497,8825377,1000,
474,8825377,8844128,1000,
475,8844128,8862528,1000,
476,8862528,8880667,1000,
477,8880667,8898682,1000,
478,8898682,8916407,1000,
479,8916407,8935414,1000,
480,8935414,8953636,1000,
481,8953636,8971981,1000,
482,8971981,8990559,1000,
483,8990559,9008302,1000,
484,9008302,9026991,1000,
485,9026991,9045239,1000,
486,9045239,9063088,1000,
487,9063088,9082017,1000,
488,9082017,9099878,1000,
489,9099878,9118771,1000,
490,9118771,9137096,1000,
491,9137096,9155202,1000,
492,9155202,9174017,1000,
493,9174017,9192488,1000,
494,9192488,9210652,1000,
495,9210652,9228944,1000,
496,9228944,9247206,1000,
497,9247206,9265074,1000,
498,9265074,9283214,1000,
499,9283214,9302583,1000,
500,9302583,9320642,1000,
501,9320642,9339574,1000,
502,9339574,9358923,1000,
503,9358923,9377737,1000,
504,9377737,9397182,1000,
505,9397182,9415851,1000,
506,9415851,9434954,1000,
507,9434954,9453361,1000,
508,9453361,9471491,1000,
509,9471491,9491966,1000,
510,9491966,9510973,1000,
511,9510973,9529904,1000,
512,9529904,9548844,1000,
513,9548844,9567879,1000,
514,9567879,9587017,1000,
515,9587017,9605581,1000,
516,9605581,9624194,1000,
517,9624194,9642882,1000,
518,9642882,9661657,1000,
519,9661657,9680652,1000,
520,9680652,9699288,1000,
521,9699288,9718339,1000,
522,9718339,9737373,1000,
523,9737373,9756118,1000,
524,9756118,9775546,1000,
525,9775546,9793829,1000,
526,9793829,9812767,1000,
527,9812767,9832218,1000,
528,9832218,9851487,1000,
529,9851487,9870373,1000,
530,9870373,9889530,1000,
531,9889530,9908836,1000,
532,9908836,9927938,1000,
533,9927938,9947272,1000,
534,9947272,9966782,1000,
535,9966782,9985258,1000,
536,9985258,10004321,1000,
537,10004321,10022697,1000,
538,10022697,10041976,1000,
539,10041976,10060628,1000,
540,10060628,10080117,1000,
541,10080117,10099532,1000,
542,10099532,10117505,1000,
543,10117505,10137009,1000,
544,10137009,10155618,1000,
545,10155618,10174452,1000,
546,10174452,10192962,1000,
547,10192962,10211777,1000,
548,10211777,10231154,1000,
549,10231154,10249693,1000,
550,10249693,10267822,1000,
551,10267822,10286459,1000,
552,10286459,10305309,1000,
553,10305309,10324839,1000,
554,10324839,10343832,1000,
555,10343832,10362828,1000,
556,10362828,10381453,1000,
557,10381453,10400357,1000,
558,10400357,10420512,1000,
559,10420512,10439078,1000,
560,10439078,10457228,1000,
561,10457228,10475709,1000,
562,10475709,10493982,1000,
563,10493982,10513097,1000,
564,10513097,10531689,1000,
565,10531689,10550867,1000,
566,10550867,10569527,1000,
567,10569527,10588233,1000,
568,10588233,10606751,1000,
569,10606751,10624742,1000,
570,10624742,10642947,1000,
571,10642947,10661283,1000,
572,10661283,10679558,1000,
573,10679558,10698791,1000,
574,10698791,10717147,1000,
575,10717147,10735529,1000,
576,10735529,10753535,1000,
577,10753535,10772317,1000,
578,10772317,10791421,1000,
579,10791421,10809398,1000,
580,10809398,10827946,1000,
581,10827946,10846029,1000,
582,10846029,10864628,1000,
583,10864628,10884296,1000,
584,10884296,10902536,1000,
585,10902536,10921328,1000,
586,10921328,10940521,1000,
587,10940521,10959062,1000,
588,10959062,10978002,1000,
589,10978002,10996613,1000,
590,10996613,11015224,1000,
591,11015224,11033912,1000,
592,11033912,11051667,1000,
593,11051667,11070399,1000,
594,11070399,11088992,1000,
595,11088992,11107888,1000,
596,11107888,11127328,1000,
597,11127328,11145646,1000,
598,11145646,11165075,1000,
599,11165075,11185048,1000,
600,11185048,11204602,1000,
601,11204602,11223279,1000,
602,11223279,11242052,1000,
603,11242052,11260987,1000,
604,11260987,11280433,1000,
605,11280433,11299514,1000,
606,11299514,11317658,1000,
607,11317658,11336236,1000,
608,11336236,11355476,1000,
609,11355476,11373832,1000,
610,11373832,11392221,1000,
611,11392221,11410886,1000,
612,11410886,11429376,1000,
613,11429376,11448121,1000,
614,11448121,11466584,1000,
615,11466584,11484838,1000,
616,11484838,11502824,1000,
617,11502824,11520824,1000,
618,11520824,11540126,1000,
619,11540126,11558362,1000,
620,11558362,11576676,1000,
621,11576676,11594773,1000,
622,11594773,11612723,1000,
623,11612723,11631742,1000,
624,11631742,11649572,1000,
625,11649572,11667766,1000,
626,11667766,11686008,1000,
627,11686008,11704068,1000,
628,11704068,11722849,1000,
629,11722849,11740904,1000,
630,11740904,11759203,1000,
631,11759203,11777954,1000,
632,11777954,11796305,1000,
633,11796305,11815702,1000,
634,11815702,11834177,1000,
635,11834177,11852978,1000,
636,11852978,11871209,1000,
637,11871209,11889338,1000,
638,11889338,11908056,1000,
639,11908056,11926812,1000,
640,11926812,11945263,1000,
641,11945263,11964069,1000,
642,11964069,11982502,1000,
643,11982502,12001546,1000,
644,12001546,12020197,1000,
645,12020197,12038629,1000,
646,12038629,12057291,1000,
647,12057291,12075411,1000,
648,12075411,12094708,1000,
649,12094708,12112572,1000,
650,12112572,12131408,1000,
651,12131408,12149883,1000,
652,12149883,12168357,1000,
653,12168357,12187299,1000,
654,12187299,12205937,1000,
655,12205937,12224807,1000,
656,12224807,12243197,1000,
657,12243197,12260739,1000,
658,12260739,12279867,1000,
659,12279867,12298681,1000,
660,12298681,12316293,1000,
661,12316293,12334177,1000,
662,12334177,12352096,1000,
663,12352096,12370589,1000,
664,12370589,12389286,1000,
665,12389286,12408032,1000,
666,12408032,12426362,1000,
667,12426362,12443791,1000,
668,12443791,12462331,1000,
669,12462331,12481346,1000,
670,12481346,12500077,1000,
671,12500077,12518156,1000,
672,12518156,12536748,1000,
673,12536748,12556443,1000,
674,12556443,12575789,1000,
675,12575789,12594273,1000,
676,12594273,12613282,1000,
677,12613282,12631373,1000,
678,12631373,12649961,1000,
679,12649961,12668512,1000,
680,12668512,12686574,1000,
681,12686574,12705249,1000,
682,12705249,12722768,1000,
683,12722768,12741143,1000,
684,12741143,12759348,1000,
685,12759348,12777631,1000,
686,12777631,12796088,1000,
687,12796088,12813983,1000,
688,12813983,12832494,1000,
689,12832494,12851492,1000,
690,12851492,12869957,1000,
691,12869957,12888708,1000,
692,12888708,12906841,1000,
693,12906841,12925059,1000,
694,12925059,12943298,1000,
695,12943298,12961156,1000,
696,12961156,12979808,1000,
697,12979808,12997833,1000,
698,12997833,13016213,1000,
699,13016213,13034923,1000,
700,13034923,13053273,1000,
701,13053273,13071442,1000,
702,13071442,13089534,1000,
703,13089534,13107868,1000,
704,13107868,13126381,1000,
705,13126381,13143717,1000,
706,13143717,13162353,1000,
707,13162353,13180599,1000,
708,13180599,13199131,1000,
709,13199131,13217606,1000,
710,13217606,13234977,1000,
711,13234977,13253451,1000,
712,13253451,13271481,1000,
713,13271481,13288871,1000,
714,13288871,13308127,1000,
715,13308127,13326681,1000,
716,13326681,13345354,1000,
717,13345354,13363731,1000,
718,13363731,13381474,1000,
719,13381474,13399823,1000,
720,13399823,13417668,1000,
721,13417668,13435913,1000,
722,13435913,13453663,1000,
723,13453663,13471411,1000,
724,13471411,13490134,1000,
725,13490134,13508408,1000,
726,13508408,13526996,1000,
727,13526996,13544741,1000,
728,13544741,13561993,1000,
729,13561993,13580711,1000,
730,13580711,13599507,1000,
731,13599507,13617916,1000,
732,13617916,13635902,1000,
733,13635902,13653543,1000,
734,13653543,13672211,1000,
735,13672211,13690206,1000,
736,13690206,13708103,1000,
737,13708103,13726169,1000,
738,13726169,13743813,1000,
739,13743813,13762167,1000,
740,13762167,13780648,1000,
741,13780648,13799159,1000,
742,13799159,13817566,1000,
743,13817566,13835493,1000,
744,13835493,13853949,1000,
745,13853949,13872307,1000,
746,13872307,13889706,1000,
747,13889706,13907864,1000,
748,13907864,13926193,1000,
749,13926193,13944417,1000,
750,13944417,13963374,1000,
751,13963374,13980707,1000,
752,13980707,13999407,1000,
753,13999407,14017052,1000,
754,14017052,14035329,1000,
755,14035329,14053868,1000,
756,14053868,14071539,1000,
757,14071539,14089969,1000,
758,14089969,14107887,1000,
759,14107887,14125447,1000,
760,14125447,14143816,1000,
761,14143816,14161858,1000,
762,14161858,14179954,1000,
763,14179954,14197644,1000,
764,14197644,14215077,1000,
765,14215077,14233664,1000,
766,14233664,14251504,1000,
767,14251504,14269498,1000,
768,14269498,14287433,1000,
769,14287433,14304975,1000,
770,14304975,14323233,1000,
771,14323233,14340914,1000,
772,14340914,14358599,1000,
773,14358599,14376408,1000,
774,14376408,14394176,1000,
775,14394176,14412569,1000,
776,14412569,14430714,1000,
777,14430714,14448134,1000,
778,14448134,14466208,1000,
779,14466208,14483883,1000,
780,14483883,14502183,1000,
781,14502183,14520753,1000,
782,14520753,14538184,1000,
783,14538184,14556593,1000,
784,14556593,14574372,1000,
785,14574372,14592199,1000,
786,14592199,14610561,1000,
787,14610561,14628808,1000,
788,14628808,14647026,1000,
789,14647026,14664723,1000,
790,14664723,14682013,1000,
791,14682013,14700477,1000,
792,14700477,14718352,1000,
793,14718352,14736092,1000,
794,14736092,14754006,1000,
795,14754006,14771273,1000,
796,14771273,14789603,1000,
797,14789603,14807392,1000,
798,14807392,14825162,1000,
799,14825162,14842988,1000,
800,14842988,14860517,1000,
801,14860517,14878799,1000,
802,14878799,14897121,1000,
803,14897121,14914304,1000,
804,14914304,14932257,1000,
805,14932257,14949834,1000,
806,14949834,14967668,1000,
807,14967668,14986063,1000,
808,14986063,15004349,1000,
809,15004349,15022243,1000,
810,15022243,15040334,1000,
811,15040334,15058282,1000,
812,15058282,15076876,1000,
813,15076876,15094806,1000,
814,15094806,15113204,1000,
815,15113204,15131826,1000,
816,15131826,15150004,1000,
817,15150004,15168687,1000,
818,15168687,15186906,1000,
819,15186906,15205824,1000,
820,15205824,15223798,1000,
821,15223798,15242008,1000,
822,15242008,15261097,1000,
823,15261097,15279799,1000,
824,15279799,15298508,1000,
825,15298508,15316444,1000,
826,15316444,15334906,1000,
827,15334906,15354017,1000,
828,15354017,15371926,1000,
829,15371926,15390482,1000,
830,15390482,15408663,1000,
831,15408663,15426501,1000,
832,15426501,15444982,1000,
833,15444982,15462539,1000,
834,15462539,15480556,1000,
835,15480556,15498708,1000,
836,15498708,15515887,1000,
837,15515887,15534318,1000,
838,15534318,15552047,1000,
839,15552047,15569818,1000,
840,15569818,15587564,1000,
841,15587564,15604632,1000,
842,15604632,15622738,1000,
843,15622738,15641149,1000,
844,15641149,15659181,1000,
845,15659181,15677936,1000,
846,15677936,15695821,1000,
847,15695821,15714024,1000,
848,15714024,15732372,1000,
849,15732372,15750921,1000,
850,15750921,15769241,1000,
851,15769241,15786798,1000,
852,15786798,15804831,1000,
853,15804831,15823656,1000,
854,15823656,15841366,1000,
855,15841366,15859926,1000,
856,15859926,15877829,1000,
857,15877829,15896277,1000,
858,15896277,15914812,1000,
859,15914812,15932224,1000,
860,15932224,15950751,1000,
861,15950751,15968659,1000,
862,15968659,15986668,1000,
863,15986668,16005122,1000,
864,16005122,16023459,1000,
865,16023459,16042451,1000,
866,16042451,16060854,1000,
867,16060854,16079723,1000,
868,16079723,16098889,1000,
869,16098889,16116826,1000,
870,16116826,16135078,1000,
871,16135078,16153438,1000,
872,16153438,16170969,1000,
873,16170969,16189286,1000,
874,16189286,16207152,1000,
875,16207152,16225488,1000,
876,16225488,16243554,1000,
877,16243554,16261117,1000,
878,16261117,16279899,1000,
879,16279899,16297823,1000,
880,16297823,16316159,1000,
881,16316159,16334506,1000,
882,16334506,16352267,1000,
883,16352267,16371182,1000,
884,16371182,16389379,1000,
885,16389379,16408083,1000,
886,16408083,16426833,1000,
887,16426833,16444259,1000,
888,16444259,16462789,1000,
889,16462789,16480717,1000,
890,16480717,16498516,1000,
891,16498516,16516547,1000,
892,16516547,16534213,1000,
893,16534213,16552799,1000,
894,16552799,16570918,1000,
895,16570918,16588665,1000,
896,16588665,16606529,1000,
897,16606529,16624049,1000,
898,16624049,16642032,1000,
899,16642032,16660381,1000,
900,16660381,16678306,1000,
901,16678306,16697069,1000,
902,16697069,16715249,1000,
903,16715249,16732862,1000,
904,16732862,16751406,1000,
905,16751406,16769246,1000,
906,16769246,16787863,1000,
907,16787863,16805678,1000,
908,16805678,16823196,1000,
909,16823196,16841637,1000,
910,16841637,16859266,1000,
911,16859266,16877158,1000,
912,16877158,16895276,1000,
913,16895276,16913667,1000,
914,16913667,16934437,1000,
915,16934437,16953255,1000,
916,16953255,16972746,1000,
917,16972746,16993568,1000,
918,16993568,17014613,1000,
919,17014613,17035141,1000,
920,17035141,17056309,1000,
921,17056309,17078389,1000,
922,17078389,17100474,1000,
923,17100474,17122285,1000,
924,17122285,17144162,1000,
925,17144162,17165848,1000,
926,17165848,17187971,1000,
927,17187971,17210182,1000,
928,17210182,17232452,1000,
929,17232452,17253854,1000,
930,17253854,17275476,1000,
931,17275476,17297177,1000,
932,17297177,17319612,1000,
933,17319612,17341172,1000,
934,17341172,17362808,1000,
935,17362808,17384417,1000,
936,17384417,17406913,1000,
937,17406913,17428901,1000,
938,17428901,17450767,1000,
939,17450767,17471898,1000,
940,17471898,17493331,1000,
941,17493331,17515247,1000,
942,17515247,17536631,1000,
943,17536631,17559243,1000,
944,17559243,17580879,1000,
945,17580879,17602602,1000,
946,17602602,17624058,1000,
947,17624058,17647094,1000,
948,17647094,17668899,1000,
949,17668899,17691771,1000,
950,17691771,17713219,1000,
951,17713219,17735068,1000,
952,17735068,17756746,1000,
953,17756746,17778648,1000,
954,17778648,17800744,1000,
955,17800744,17822627,1000,
956,17822627,17844062,1000,
957,17844062,17866616,1000,
958,17866616,17888437,1000,
959,17888437,17909254,1000,
960,17909254,17931878,1000,
961,17931878,17954777,1000,
962,17954777,17977220,1000,
963,17977220,17999167,1000,
964,17999167,18020705,1000,
965,18020705,18043557,1000,
966,18043557,18065011,1000,
967,18065011,18087618,1000,
968,18087618,18109436,1000,
969,18109436,18131067,1000,
970,18131067,18153541,1000,
971,18153541,18175152,1000,
972,18175152,18197018,1000,
973,18197018,18218788,1000,
974,18218788,18240459,1000,
975,18240459,18262565,1000,
976,18262565,18284816,1000,
977,18284816,18306946,1000,
978,18306946,18329399,1000,
979,18329399,18351883,1000,
980,18351883,18374052,1000,
981,18374052,18395725,1000,
982,18395725,18418339,1000,
983,18418339,18439908,1000,
984,18439908,18461848,1000,
985,18461848,18484224,1000,
986,18484224,18506426,1000,
987,18506426,18527908,1000,
988,18527908,18549829,1000,
989,18549829,18571524,1000,
990,18571524,18593239,1000,
991,18593239,18615392,1000,
992,18615392,18637552,1000,
993,18637552,18658761,1000,
994,18658761,18680703,1000,
995,18680703,18702866,1000,
996,18702866,18725380,1000,
997,18725380,18747243,1000,
998,18747243,18769179,1000,
999,18769179,18792340,1000,
1000,18792340,18814382,1000,
1001,18814382,18836419,1000,
1002,18836419,18857565,1000,
1003,18857565,18879740,1000,
1004,18879740,18901191,1000,
1005,18901191,18921950,1000,
1006,18921950,18942697,1000,
1007,18942697,18965407,1000,
1008,18965407,18987439,1000,
1009,18987439,19009463,1000,
1010,19009463,19031016,1000,
1011,19031016,19051378,1000,
1012,19051378,19070798,1000,
1013,19070798,19091074,1000,
1014,19091074,19111187,1000,
1015,19111187,19131689,1000,
1016,19131689,19153047,1000,
1017,19153047,19173659,1000,
1018,19173659,19194567,1000,
1019,19194567,19213696,1000,
1020,19213696,19233065,1000,
1021,19233065,19252329,1000,
1022,19252329,19272992,1000,
1023,19272992,19291457,1000,
1024,19291457,19311963,1000,
1025,19311963,19333693,1000,
1026,19333693,19355901,1000,
1027,19355901,19377511,1000,
1028,19377511,19399631,1000,
1029,19399631,19421446,1000,
1030,19421446,19442759,1000,
1031,19442759,19465188,1000,
1032,19465188,19486238,1000,
1033,19486238,19507181,1000,
1034,19507181,19528667,1000,
1035,19528667,19550259,1000,
1036,19550259,19572119,1000,
1037,19572119,19593782,1000,
1038,19593782,19615721,1000,
1039,19615721,19638151,1000,
1040,19638151,19660302,1000,
1041,19660302,19681833,1000,
1042,19681833,19702934,1000,
1043,19702934,19724806,1000,
1044,19724806,19745934,1000,
1045,19745934,19767398,1000,
1046,19767398,19788274,1000,
1047,19788274,19810063,1000,
1048,19810063,19831662,1000,
1049,19831662,19853254,1000,
1050,19853254,19875278,1000,
1051,19875278,19896663,1000,
1052,19896663,19918148,1000,
1053,19918148,19939063,1000,
1054,19939063,19960372,1000,
1055,19960372,19981862,1000,
1056,19981862,20002844,1000,
1057,20002844,20024384,1000,
1058,20024384,20045771,1000,
1059,20045771,20067367,1000,
1060,20067367,20088837,1000,
1061,20088837,20110273,1000,
1062,20110273,20131688,1000,
1063,20131688,20152492,1000,
1064,20152492,20173544,1000,
1065,20173544,20194649,1000,
1066,20194649,20215673,1000,
1067,20215673,20236992,1000,
1068,20236992,20258241,1000,
1069,20258241,20278926,1000,
1070,20278926,20300249,1000,
1071,20300249,20321188,1000,
1072,20321188,20342545,1000,
1073,20342545,20363736,1000,
1074,20363736,20385581,1000,
1075,20385581,20406678,1000,
1076,20406678,20428492,1000,
1077,20428492,20449611,1000,
1078,20449611,20470504,1000,
1079,20470504,20492112,1000,
1080,20492112,20513757,1000,
1081,20513757,20534739,1000,
1082,20534739,20555467,1000,
1083,20555467,20577302,1000,
1084,20577302,20598797,1000,
1085,20598797,20619452,1000,
1086,20619452,20641212,1000,
1087,20641212,20663786,1000,
1088,20663786,20685106,1000,
1089,20685106,20706707,1000,
1090,20706707,20727452,1000,
1091,20727452,20749190,1000,
1092,20749190,20770634,1000,
1093,20770634,20792357,1000,
1094,20792357,20814287,1000,
1095,20814287,20836344,1000,
1096,20836344,20857271,1000,
1097,20857271,20878138,1000,
1098,20878138,20899897,1000,
1099,20899897,20921541,1000,
1100,20921541,20943535,1000,
1101,20943535,20965456,1000,
1102,20965456,20986868,1000,
1103,20986868,21008754,1000,
1104,21008754,21030556,1000,
1105,21030556,21052231,1000,
1106,21052231,21073503,1000,
1107,21073503,21095767,1000,
1108,21095767,21117204,1000,
1109,21117204,21139597,1000,
1110,21139597,21160734,1000,
1111,21160734,21181991,1000,
1112,21181991,21203823,1000,
1113,21203823,21224571,1000,
1114,21224571,21245507,1000,
1115,21245507,21266518,1000,
1116,21266518,21288216,1000,
1117,21288216,21309542,1000,
1118,21309542,21331167,1000,
1119,21331167,21352589,1000,
1120,21352589,21374020,1000,
1121,21374020,21395664,1000,
1122,21395664,21417418,1000,
1123,21417418,21439208,1000,
1124,21439208,21460717,1000,
1125,21460717,21482021,1000,
1126,21482021,21502708,1000,
1127,21502708,21523672,1000,
1128,21523672,21545836,1000,
1129,21545836,21566706,1000,
1130,21566706,21588728,1000,
1131,21588728,21609727,1000,
1132,21609727,21631294,1000,
1133,21631294,21653363,1000,
1134,21653363,21675126,1000,
1135,21675126,21696298,1000,
1136,21696298,21717256,1000,
1137,21717256,21738752,1000,
1138,21738752,21761191,1000,
1139,21761191,21782261,1000,
1140,21782261,21803571,1000,
1141,21803571,21824948,1000,
1142,21824948,21846373,1000,
1143,21846373,21868781,1000,
1144,21868781,21889987,1000,
1145,21889987,21912259,1000,
1146,21912259,21933749,1000,
1147,21933749,21956393,1000,
1148,21956393,21977703,1000,
1149,21977703,21999187,1000,
1150,21999187,22021279,1000,
1151,22021279,22043078,1000,
1152,22043078,22064633,1000,
1153,22064633,22086854,1000,
1154,22086854,22108182,1000,
1155,22108182,22130411,1000,
1156,22130411,22152521,1000,
1157,22152521,22174386,1000,
1158,22174386,22196450,1000,
1159,22196450,22217933,1000,
1160,22217933,22239870,1000,
1161,22239870,22261299,1000,
1162,22261299,22283810,1000,
1163,22283810,22305991,1000,
1164,22305991,22328118,1000,
1165,22328118,22351118,1000,
1166,22351118,22372530,1000,
1167,22372530,22393946,1000,
1168,22393946,22415527,1000,
1169,22415527,22436967,1000,
1170,22436967,22458808,1000,
1171,22458808,22480281,1000,
1172,22480281,22501157,1000,
1173,22501157,22523122,1000,
1174,22523122,22544828,1000,
1175,22544828,22566679,1000,
1176,22566679,22588647,1000,
1177,22588647,22609504,1000,
1178,22609504,22631186,1000,
1179,22631186,22653394,1000,
1180,22653394,22675468,1000,
1181,22675468,22696939,1000,
1182,22696939,22718537,1000,
1183,22718537,22740852,1000,
1184,22740852,22763227,1000,
1185,22763227,22784833,1000,
1186,22784833,22806280,1000,
1187,22806280,22827586,1000,
1188,22827586,22850233,1000,
1189,22850233,22871628,1000,
1190,22871628,22892901,1000,
1191,22892901,22914648,1000,
1192,22914648,22936773,1000,
1193,22936773,22958613,1000,
1194,22958613,22980132,1000,
1195,22980132,23002028,1000,
1196,23002028,23023934,1000,
1197,23023934,23045979,1000,
1198,23045979,23067893,1000,
1199,23067893,23089480,1000,
1200,23089480,23111031,1000,
1201,23111031,23132920,1000,
1202,23132920,23153934,1000,
1203,23153934,23174782,1000,
1204,23174782,23195887,1000,
1205,23195887,23217016,1000,
1206,23217016,23238400,1000,
1207,23238400,23260794,1000,
1208,23260794,23281631,1000,
1209,23281631,23302966,1000,
1210,23302966,23324232,1000,
1211,23324232,23344661,1000,
1212,23344661,23366534,1000,
1213,23366534,23388778,1000,
1214,23388778,23410752,1000,
1215,23410752,23432726,1000,
1216,23432726,23454094,1000,
1217,23454094,23476413,1000,
1218,23476413,23498651,1000,
1219,23498651,23520207,1000,
1220,23520207,23541611,1000,
1221,23541611,23562834,1000,
1222,23562834,23584859,1000,
1223,23584859,23606921,1000,
1224,23606921,23628746,1000,
1225,23628746,23650477,1000,
1226,23650477,23671972,1000,
1227,23671972,23693883,1000,
1228,23693883,23715214,1000,
1229,23715214,23736652,1000,
1230,23736652,23758064,1000,
1231,23758064,23779287,1000,
1232,23779287,23800280,1000,
1233,23800280,23820831,1000,
1234,23820831,23841646,1000,
1235,23841646,23862929,1000,
1236,23862929,23884440,1000,
1237,23884440,23906245,1000,
1238,23906245,23927898,1000,
1239,23927898,23950565,1000,
1240,23950565,23973193,1000,
1241,23973193,23995401,1000,
1242,23995401,24018495,1000,
1243,24018495,24040766,1000,
1244,24040766,24062872,1000,
1245,24062872,24084650,1000,
1246,24084650,24106439,1000,
1247,24106439,24128970,1000,
1248,24128970,24150668,1000,
1249,24150668,24171482,1000,
1250,24171482,24193655,1000,
1251,24193655,24215925,1000,
1252,24215925,24237598,1000,
1253,24237598,24258502,1000,
1254,24258502,24279862,1000,
1255,24279862,24302009,1000,
1256,24302009,24323398,1000,
1257,24323398,24345313,1000,
1258,24345313,24367126,1000,
1259,24367126,24388806,1000,
1260,24388806,24409898,1000,
1261,24409898,24431517,1000,
1262,24431517,24453425,1000,
1263,24453425,24474727,1000,
1264,24474727,24496122,1000,
1265,24496122,24517968,1000,
1266,24517968,24540603,1000,
1267,24540603,24561751,1000,
1268,24561751,24582853,1000,
1269,24582853,24605421,1000,
1270,24605421,24626823,1000,
1271,24626823,24648588,1000,
1272,24648588,24670317,1000,
1273,24670317,24691963,1000,
1274,24691963,24713759,1000,
1275,24713759,24735316,1000,
1276,24735316,24757048,1000,
1277,24757048,24778407,1000,
1278,24778407,24799048,1000,
1279,24799048,24821881,1000,
1280,24821881,24844181,1000,
1281,24844181,24866316,1000,
1282,24866316,24887543,1000,
1283,24887543,24910258,1000,
1284,24910258,24931779,1000,
1285,24931779,24953521,1000,
1286,24953521,24975608,1000,
1287,24975608,24996757,1000,
1288,24996757,25018573,1000,
1289,25018573,25040708,1000,
1290,25040708,25062629,1000,
1291,25062629,25083998,1000,
1292,25083998,25106054,1000,
1293,25106054,25127744,1000,
1294,25127744,25149807,1000,
1295,25149807,25171338,1000,
1296,25171338,25193211,1000,
1297,25193211,25214052,1000,
1298,25214052,25236666,1000,
1299,25236666,25257587,1000,
1300,25257587,25279131,1000,
1301,25279131,25300038,1000,
1302,25300038,25321717,1000,
1303,25321717,25343063,1000,
1304,25343063,25364548,1000,
1305,25364548,25385862,1000,
1306,25385862,25407101,1000,
1307,25407101,25428718,1000,
1308,25428718,25449959,1000,
1309,25449959,25470549,1000,
1310,25470549,25492217,1000,
1311,25492217,25513747,1000,
1312,25513747,25535752,1000,
1313,25535752,25557419,1000,
1314,25557419,25579514,1000,
1315,25579514,25601398,1000,
1316,25601398,25622247,1000,
1317,25622247,25643677,1000,
1318,25643677,25665138,1000,
1319,25665138,25686901,1000,
1320,25686901,25708918,1000,
1321,25708918,25730274,1000,
1322,25730274,25751871,1000,
1323,25751871,25773144,1000,
1324,25773144,25794196,1000,
1325,25794196,25816184,1000,
1326,25816184,25837848,1000,
1327,25837848,25859307,1000,
1328,25859307,25880352,1000,
1329,25880352,25902302,1000,
1330,25902302,25923681,1000,
1331,25923681,25944819,1000,
1332,25944819,25966672,1000,
1333,25966672,25988115,1000,
1334,25988115,26010056,1000,
1335,26010056,26030939,1000,
1336,26030939,26052683,1000,
1337,26052683,26075023,1000,
1338,26075023,26096078,1000,
1339,26096078,26117497,1000,
1340,26117497,26138311,1000,
1341,26138311,26159478,1000,
1342,26159478,26181562,1000,
1343,26181562,26202727,1000,
1344,26202727,26224848,1000,
1345,26224848,26246882,1000,
1346,26246882,26268842,1000,
1347,26268842,26290717,1000,
1348,26290717,26313322,1000,
1349,26313322,26334514,1000,
1350,26334514,26355925,1000,
1351,26355925,26377772,1000,
1352,26377772,26399167,1000,
1353,26399167,26420050,1000,
1354,26420050,26441832,1000,
1355,26441832,26462838,1000,
1356,26462838,26484717,1000,
1357,26484717,26506469,1000,
1358,26506469,26527656,1000,
1359,26527656,26549294,1000,
1360,26549294,26571334,1000,
1361,26571334,26593227,1000,
1362,26593227,26614998,1000,
1363,26614998,26636951,1000,
1364,26636951,26657544,1000,
1365,26657544,26678726,1000,
1366,26678726,26699998,1000,
1367,26699998,26720838,1000,
1368,26720838,26741877,1000,
1369,26741877,26763405,1000,
1370,26763405,26785469,1000,
1371,26785469,26807707,1000,
1372,26807707,26829474,1000,
1373,26829474,26850781,1000,
1374,26850781,26872168,1000,
1375,26872168,26894111,1000,
1376,26894111,26916521,1000,
1377,26916521,26938279,1000,
1378,26938279,26959743,1000,
1379,26959743,26981804,1000,
1380,26981804,27003608,1000,
1381,27003608,27024718,1000,
1382,27024718,27046533,1000,
1383,27046533,27068243,1000,
1384,27068243,27089559,1000,
1385,27089559,27110286,1000,
1386,27110286,27131878,1000,
1387,27131878,27153471,1000,
1388,27153471,27174574,1000,
1389,27174574,27196938,1000,
1390,27196938,27219415,1000,
1391,27219415,27241692,1000,
1392,27241692,27262416,1000,
1393,27262416,27283762,1000,
1394,27283762,27304493,1000,
1395,27304493,27325882,1000,
1396,27325882,27347508,1000,
1397,27347508,27368154,1000,
1398,27368154,27389891,1000,
1399,27389891,27411255,1000,
1400,27411255,27433038,1000,
1401,27433038,27453611,1000,
1402,27453611,27475843,1000,
1403,27475843,27497704,1000,
1404,27497704,27519166,1000,
1405,27519166,27540697,1000,
1406,27540697,27562268,1000,
1407,27562268,27583656,1000,
1408,27583656,27605678,1000,
1409,27605678,27627337,1000,
1410,27627337,27649011,1000,
1411,27649011,27669991,1000,
1412,27669991,27691028,1000,
1413,27691028,27713052,1000,
1414,27713052,27735278,1000,
1415,27735278,27755841,1000,
1416,27755841,27777207,1000,
1417,27777207,27798514,1000,
1418,27798514,27820161,1000,
1419,27820161,27841708,1000,
1420,27841708,27863573,1000,
1421,27863573,27885422,1000,
1422,27885422,27907672,1000,
1423,27907672,27929697,1000,
1424,27929697,27952009,1000,
1425,27952009,27973417,1000,
1426,27973417,27994662,1000,
1427,27994662,28016667,1000,
1428,28016667,28037479,1000,
1429,28037479,28058883,1000,
1430,28058883,28080851,1000,
1431,28080851,28103099,1000,
1432,28103099,28125636,1000,
1433,28125636,28147629,1000,
1434,28147629,28169305,1000,
1435,28169305,28190525,1000,
1436,28190525,28211976,1000,
1437,28211976,28233531,1000,
1438,28233531,28254828,1000,
1439,28254828,28276168,1000,
1440,28276168,28297714,1000,
1441,28297714,28318679,1000,
1442,28318679,28339512,1000,
1443,28339512,28360862,1000,
1444,28360862,28382891,1000,
1445,28382891,28404326,1000,
1446,28404326,28425523,1000,
1447,28425523,28447026,1000,
1448,28447026,28468561,1000,
1449,28468561,28490401,1000,
1450,28490401,28511985,1000,
1451,28511985,28533394,1000,
1452,28533394,28554911,1000,
1453,28554911,28576048,1000,
1454,28576048,28597752,1000,
1455,28597752,28620117,1000,
1456,28620117,28642388,1000,
1457,28642388,28663838,1000,
1458,28663838,28685708,1000,
1459,28685708,28707321,1000,
